"ID_d","ID","condition","sun_az","sun_el","time","day","mean_vector","kappa","mu","bim_mu1","bim_kappa1","bim_mu2","bim_kappa2","bim_weight1","bim_loglikelihood"
"11r_00005_11:09:00_20250126","11r","vertical",65.8460334362179,74.7140425492874,"11:09:00","20250126",0.999093273556476,340.468193165339,-2.13135742394802,357.812143059199,227,NA,0,0.5,6.498
"11r_00010_11:19:00_20250126","11r","horizontal",60.7819325322651,76.7283635644568,"11:19:00","20250126",0.93651252947304,5.88305220176673,-8.12698867647802,351.853381989839,8.154,NA,0,1,-4.038
"11r_00020_15:16:00_20250126","11r","vertical",269.320517443056,46.0883772545765,"15:16:00","20250126",0.992190909849195,44.5959585039762,13.5855325529035,13.5790997446005,64.054,NA,0,1,5.929
"11r_00028_15:22:00_20250122","11r","vertical",267.292082866201,44.817889688184,"15:22:00","20250122",0.986347168081031,24.3250439471343,16.7225084545883,16.73036761782,36.87,NA,0,1,3.024
"11r_00034_15:34:00_20250122","11r","vertical",266.146419119365,42.1177456698529,"15:34:00","20250122",0.975973232398027,17.2930327970028,30.7712321201263,30.7678335985252,21.069,NA,0,1,1.483
"11r_00036_18:13:00_20250126","11r","vertical",252.671162264518,6.90693515950054,"18:13:00","20250126",0.909508425837749,3.83378262718882,-13.3887574268486,346.639466054148,5.822,NA,0,1,-4.71
"11r_00041_12:00:00_20250125","11r","vertical",15.068051662947,83.0500904756886,"12:00:00","20250125",0.995774652516598,92.7217066690273,15.5631613880418,15.5844520275584,118.302,NA,0,1,12.568
"11r_00048_15:36:00_20250123","11r","vertical",266.283606424547,41.6549622250768,"15:36:00","20250123",0.962443358861049,12.8591987255444,11.2951476559708,11.2872685640772,13.579,NA,0,1,-7.517
"11r_2025-01-26 11-19-00_12:19:00_20250126","11r","antisolar",339.137394629161,82.5594048684725,"12:19:00","20250126",0.599841164506313,1.45531451826584,-168.147506255335,177.158550254451,11.772,NA,0,0.5,-35.812
"16b_00033_17:20:00_20250119","16b","vertical",255.93856951025,18.5983454770167,"17:20:00","20250119",0.961233533081739,10.4853559461315,45.1885611004068,45.206370035822,13.164,NA,0,1,-2.106
"16b_00049_15:45:00_20250123","16b","vertical",265.439987957542,39.6318962077917,"15:45:00","20250123",0.974806476187304,11.3209581885259,13.7727531035268,13.7509870831398,20.101,NA,0,1,0.412
"16b_00050_16:32:00_20250120","16b","horizontal",260.391819012996,29.1623183921576,"16:32:00","20250120",0.974825474714217,16.2867261223355,-18.5766018961681,341.425550118458,20.12,NA,0,1,1.035
"17y_00020_17:45:00_20250124","17y","vertical",254.874476889042,13.0210834903931,"17:45:00","20250124",0.734629212760851,0.890010883636815,9.28221436953186,9.28191628111934,2.248,NA,0,1,-4.753
"17y_00022_17:50:00_20250124","17y","vertical",254.40151913632,11.9396965827818,"17:50:00","20250124",0.746287189645881,1.61798165433209,16.2517436229575,16.2720013817154,2.339,NA,0,1,-10.453
"17y_00034_11:05:00_20250128","17y","horizontal",66.0898413969626,73.5511208092659,"11:05:00","20250128",0.895034243394081,3.95384042369283,27.257513720785,27.2727910482272,5.072,NA,0,1,-8.675
"17y_00043_18:27:00_20250126","17y","horizontal",251.252902442954,3.98000989847136,"18:27:00","20250126",1,NA,169.842934440985,169.824690476776,227,NA,0,1,1.793
"17y_00065_18:07:00_20250128","17y","tilted",253.786021064442,8.05202797662808,"18:07:00","20250128",0.995051647706906,57.0358101196567,87.419672135501,87.4333595369636,100.421,NA,0,1,5.325
"17y_00073_18:21:00_20250128","17y","horizontal",252.381066878033,5.0861727057925,"18:21:00","20250128",0.322522274380408,0,148.544188927584,133.155391588403,15.033,313.178730818508,226.999,0.5,-0.471
"1y_00050_16:32:00_20250120","1y","horizontal",260.391819012996,29.1623183921576,"16:32:00","20250120",0.999901264913218,506.430594964126,-31.6983709864439,328.304816609962,227,NA,0,1,3.541
"20y_00001_07:53:00_20250128","20y","vertical",96.6494868189388,30.8735429471577,"07:53:00","20250128",0.96244512893228,1.35783948284616,-32.256299703255,327.731858814831,13.58,NA,0,1,-0.268
"20y_00003_08:12:00_20250128","20y","vertical",94.8737444358721,35.1307122725881,"08:12:00","20250128",0.977095499115763,8.77044492248555,-17.9419441604288,342.055803693101,22.075,NA,0,1,0.467
"20y_00004_08:15:00_20250128","20y","vertical",94.5891307046511,35.8041181346251,"08:15:00","20250128",0.932679832327808,6.40070058950018,-25.5713151959323,334.435465017861,7.708,NA,0,1,-7.381
"20y_00006_08:23:00_20250128","20y","vertical",93.8227039457327,37.6012293471296,"08:23:00","20250128",0.979675695617928,23.5432497680644,-19.7003069539134,340.279634528196,24.859,NA,0,1,9.929
"20y_00007_08:56:00_20250127","20y","vertical",90.8288968447473,45.1544431709232,"08:56:00","20250127",0.985335271353626,23.8315755598755,-11.5219431056819,348.472930998567,34.345,NA,0,1,3.077
"20y_00012_11:14:00_20250127","20y","vertical",62.69758542605,75.5548561012259,"11:14:00","20250127",0.924216122590743,1.83415585154175,20.3165564531765,20.3400017271442,6.884,NA,0,1,-1.487
"20y_00017_11:44:00_20250127","20y","horizontal",38.7951049606009,80.8755585380214,"11:44:00","20250127",0.95388424140751,8.99309492306679,125.521427429273,125.535052913163,11.112,NA,0,1,-3.588
"20y_00018_11:48:00_20250127","20y","horizontal",33.6933202496702,81.4084990626284,"11:48:00","20250127",0.337656415934125,0.252869962504831,57.1150717624231,NA,0,NA,0,1,-11.027
"20y_00022_11:57:00_20250127","20y","horizontal",20.0222812397925,82.3292875181438,"11:57:00","20250127",0.83997386998759,2.57423610163722,133.787733792877,138.598490642146,38.954,NA,0,0.5,-4.532
"20y_00023_12:01:00_20250127","20y","horizontal",13.0575150440987,82.5857014292094,"12:01:00","20250127",0.388011110340147,0.750384386584399,106.342154303823,359.989382680696,5.293,140.317364027539,5.293,0.5,-29.818
"20y_00024_15:23:00_20250126","20y","horizontal",268.595875276733,44.5107823803839,"15:23:00","20250126",0.983800004875772,8.29876408406382,-72.8933113162084,287.109151140056,31.067,NA,0,1,0.875
"20y_00025_12:11:00_20250127","20y","horizontal",354.446518578269,82.7331438884779,"12:11:00","20250127",0.979780104096482,12.3007175456913,171.955958444834,171.94463431876,24.973,NA,0,1,0.899
"20y_00026_10:45:00_20250128","20y","vertical",72.9591065809006,69.3257975611776,"10:45:00","20250128",0.991616593008139,45.8160713806406,7.61904870439537,7.62033867523995,59.895,NA,0,1,7.478
"20y_00027_10:49:00_20250128","20y","tilted",71.7852255721333,70.184808570699,"10:49:00","20250128",0.908463867466622,5.18778965026183,-40.1433559501091,319.882337021539,5.76,NA,0,1,-17.844
"20y_00028_10:53:00_20250128","20y","horizontal",70.5240533102166,71.037821531425,"10:53:00","20250128",0.823220672915411,2.95346692694011,-8.59484647000181,351.395015753734,3.192,NA,0,1,-39.996
"20y_00028_12:20:00_20250127","20y","tilted",338.467140147588,82.2523077449739,"12:20:00","20250127",0.993635188945962,48.6366132162319,-4.9559523989845,355.061945642571,78.39,NA,0,1,5.33
"20y_00029_12:22:00_20250127","20y","tilted",335.240011003945,82.0746953168323,"12:22:00","20250127",0.363140355609734,0.546160409114656,-63.8947693962701,NA,0,NA,0,1,-20.217
"20y_00030_11:31:00_20250123","20y","vertical",55.0627903300621,79.5887134188255,"11:31:00","20250123",0.98401836960467,24.1278124420447,5.81044875093966,5.78687373082131,31.517,NA,0,1,3.583
"20y_00033_11:42:00_20250123","20y","vertical",44.2230035127553,81.4837053165653,"11:42:00","20250123",0.987078304036222,32.7109300782442,18.5087079757089,18.5065367827256,38.907,NA,0,1,7.302
"20y_00034_11:05:00_20250128","20y","horizontal",66.0898413969626,73.5511208092659,"11:05:00","20250128",0.880900386511759,4.02786660831564,13.7579907165965,13.7509870831398,4.519,NA,0,1,-20.578
"20y_00034_15:23:00_20250127","20y","vertical",268.961104021967,44.4760620905394,"15:23:00","20250127",0.983509149973391,12.1405160930171,24.7680555302129,24.7517767496516,30.534,NA,0,1,1.131
"20y_00035_15:28:00_20250127","20y","tilted",268.447337582987,43.3493169304819,"15:28:00","20250127",0.986295266325754,9.79705152884077,104.330304651393,104.335614493323,36.646,NA,0,1,1.128
"20y_00036_18:13:00_20250126","20y","vertical",252.671162264518,6.90693515950054,"18:13:00","20250126",0.867884682925383,3.31099499004458,-12.4813606128078,347.498902746844,4.117,NA,0,1,-11.866
"20y_00037_15:31:00_20250127","20y","tilted",268.143116956789,42.6734074438455,"15:31:00","20250127",0.981895153839286,11.0675417944441,103.491694832614,103.476177800627,27.838,NA,0,1,0.943
"20y_00039_15:35:00_20250127","20y","horizontal",267.741825242131,41.772393784881,"15:35:00","20250127",0.974310010682084,7.83106414085594,-41.2165972862677,326.070281208951,227,NA,0,0.5,0.297
"20y_00039_18:18:00_20250126","20y","horizontal",252.169749105486,5.85188262941193,"18:18:00","20250126",0.601197135083257,1.0735246107138,-100.086078336487,229.927963185999,226.999,NA,0,0.5,-1.207
"20y_00040_18:21:00_20250126","20y","horizontal",251.866236019347,5.22336369057132,"18:21:00","20250126",0.372653043322611,0.387958795586466,-159.175003780536,335.753267946662,226.999,179.622268773513,22.887,0.5,-0.363
"20y_00041_15:40:00_20250127","20y","horizontal",267.246614247005,40.6465063055712,"15:40:00","20250127",0.953178109219838,10.1593767359949,-32.7571092689389,327.216196799213,10.949,NA,0,1,-10.126
"20y_00042_18:27:00_20250126","20y","horizontal",251.252902442954,3.98000989847136,"18:27:00","20250126",0.218834348351896,0,-97.2840493052914,185.351846724821,227,340.050451410144,227,0.5,2.2
"20y_00045_15:46:00_20250127","20y","horizontal",266.660788778215,39.2961044320526,"15:46:00","20250127",0.9907246755128,47.3088939097073,-26.0890641729919,333.919803002244,54.156,NA,0,1,13.164
"20y_00049_17:48:00_20250127","20y","vertical",255.367627478747,12.2136906766352,"17:48:00","20250127",0.782463639006189,1.05788600612166,13.499374291772,31.9137491887869,46.737,NA,0,0.5,-2.849
"20y_00051_17:55:00_20250127","20y","tilted",254.695554493672,10.6983656482956,"17:55:00","20250127",0.917167551483208,3.55838981878276,84.1002411000201,86.6312186237805,183.847,NA,0,0.5,-2.87
"20y_00053_17:58:00_20250127","20y","tilted",254.405088947462,10.0512730886056,"17:58:00","20250127",0.997009270380988,44.6491756198888,77.5508501785499,77.5784854607135,164.317,NA,0,1,3.419
"20y_00055_15:50:00_20250128","20y","horizontal",266.612153032399,38.3542391276733,"15:50:00","20250128",0.898825578676084,3.63082520612955,-40.3820423305619,326.242168547491,75.157,NA,0,0.5,-1.897
"20y_00058_18:00:00_20250123","20y","horizontal",253.195124910121,9.83369127796419,"18:00:00","20250123",0.665978879139416,1.62920257343686,-13.5243839106443,163.751337848389,169.295,343.774677078494,169.295,0.5,2.73
"20y_00059_17:50:00_20250128","20y","vertical",255.44241595132,11.7164001308338,"17:50:00","20250128",0.861464169099322,2.20618117744429,15.0837223395436,15.0687900119407,3.947,NA,0,1,-4.902
"20y_00059_18:14:00_20250127","20y","horizontal",252.828153494173,6.63072678123801,"18:14:00","20250127",0.973391396650602,13.7507596012111,-57.5622803056577,302.464420049562,19.05,NA,0,1,0.41
"20y_00063_18:02:00_20250128","20y","tilted",254.278385631463,9.12426020486534,"18:02:00","20250128",0.888727435132526,3.32286432444454,69.6478145615436,69.6716678879081,4.808,NA,0,1,-6.286
"20y_00066_18:07:00_20250128","20y","tilted",253.786021064442,8.05202797662808,"18:07:00","20250128",0.975021856576616,15.8546485070463,78.9565220360476,78.9535841690274,20.277,NA,0,1,0.949
"20y_00068_18:16:00_20250128","20y","horizontal",252.887548849027,6.1377806852189,"18:16:00","20250128",0.921980686168879,0.669000543173708,-62.3929827373081,297.59427879095,6.697,NA,0,1,-1.022
"20y_00073_18:21:00_20250128","20y","horizontal",252.381066878033,5.0861727057925,"18:21:00","20250128",0.395156487408828,0.0848921039008428,-75.392152469925,152.97973129993,226.999,306.589716174504,226.999,0.5,2.167
"20y_00075_18:25:00_20250128","20y","horizontal",251.971842009554,4.25356719304017,"18:25:00","20250128",0.326312712740798,0,-62.3735695767278,331.685267601234,5.616,511.651311051825,226.999,0.5,-1.529
"20y_00076_18:25:00_20250128","20y","horizontal",251.971842009554,4.25356719304017,"18:25:00","20250128",0.526314649965972,1.02916751726137,-66.3503628264069,132.181363336681,16.099,312.147406787273,16.099,0.5,-5.912
"20y_2025-01-26 11-25-38_12:25:00_20250126","20y","antisolar",329.509534609916,81.9705907168734,"12:25:00","20250126",0.89596179175264,2.02450510211254,7.70915257998406,7.73493023426611,5.114,NA,0,1,-2.65
"20y_2025-01-26 15-13-26_16:14:00_20250126","20y","antisolar",263.707283216944,33.0467806943066,"16:14:00","20250126",0.503764448402436,1.00599561622818,-124.033586932379,186.383170756057,119.717,366.406509986161,0.39,0.5,-13.298
"20y_2025-01-26 15-28-44_16:28:00_20250126","20y","antisolar",262.43218931201,29.9155960201264,"16:28:00","20250126",0.119306113313863,0,130.958903092109,65.0307097473484,3.926,244.99675319794,15.762,0.5,-21.093
"20y_2025-01-27 15-08-48_16:09:00_20250127","20y","solar",264.481038291151,34.1285913623169,"16:09:00","20250127",0.927560822360525,4.73688754354863,-138.051028598477,221.963849833681,7.187,NA,0,1,-3.778
"20y_2025-01-27 15-21-13_16:21:00_20250127","20y","solar",263.372730440524,31.4398927858341,"16:21:00","20250127",0.922536942531187,5.26671422466957,-136.724141812364,223.281652762482,6.742,NA,0,1,-6.594
"20y_2025-01-28 07-50-03_08:51:00_20250128","20y","antisolar",91.0220961422537,43.9026154865267,"08:51:00","20250128",0.994162008158766,22.9061570021023,19.7977062716175,19.8243397115265,85.788,NA,0,1,2.414
"20y_2025-01-28 07-52-58_08:54:00_20250128","20y","antisolar",90.7076099776225,44.578424893076,"08:54:00","20250128",0.988881696467499,37.1193350630377,3.74446096158353,3.72422566835035,45.164,NA,0,1,7.7
"20y_2025-01-28 10-22-47_11:23:00_20250128","20y","antisolar",56.7052916877562,77.1192858944582,"11:23:00","20250128",0.619161864083661,1.33810752953862,69.0014338101652,79.0108799485405,207.804,NA,0,0.5,-6.331
"20y_2025-01-28 10-30-19_11:30:00_20250128","20y","antisolar",51.6893340878427,78.3991143864333,"11:30:00","20250128",0.978043129865323,11.3379958619182,-16.8587600034421,343.14442350385,23.031,NA,0,1,0.691
"20y_2025-01-28 10-38-24_11:37:00_20250128","20y","solar",45.5658261264587,79.583651318446,"11:37:00","20250128",0.549701386870723,1.26284783406283,-136.478228754217,223.510835880534,1.325,NA,0,1,-40.715
"22b_00002_08:12:00_20250128","22b","vertical",94.8737444358721,35.1307122725881,"08:12:00","20250128",0.985840012271386,3.5566138707042,-0.861285598510676,359.129945988,35.452,NA,0,1,0.719
"22b_00002_10:32:00_20250121","22b","vertical",80.0413755924645,67.4747772430259,"10:32:00","20250121",0.986648376066767,18.5618173810305,5.07478200388348,5.09932437666433,37.621,NA,0,1,1.946
"22b_00006_08:23:00_20250128","22b","vertical",93.8227039457327,37.6012293471296,"08:23:00","20250128",0.990645425303308,41.0799533424431,-15.4819666801623,344.519522212164,53.682,NA,0,1,6.817
"22b_00009_10:54:00_20250121","22b","vertical",74.6923479197275,72.3136715021781,"10:54:00","20250121",0.978813001984653,9.47281814707333,1.52749027531855,1.54698604685322,23.84,NA,0,1,0.625
"22b_00010_08:29:00_20250128","22b","tilted",93.2396705215817,38.9502171832923,"08:29:00","20250128",0.991949242948842,24.7601911931464,-16.6599009712184,343.316310842389,62.356,NA,0,1,2.574
"22b_00011_08:21:00_20250120","22b","vertical",96.1664970843673,38.1806313572362,"08:21:00","20250120",0.997936698914676,168.294604844313,0.841706035344346,0,36.332,NA,0,1,7.158
"22b_00012_08:36:00_20250128","22b","horizontal",92.5489760763043,40.5250877596417,"08:36:00","20250128",0.981182602119159,17.6963757386215,-10.1993135177208,349.790733927368,26.828,NA,0,1,1.73
"22b_00013_11:22:00_20250127","22b","vertical",58.1672520521053,77.1233381421582,"11:22:00","20250127",0.977756675404141,15.7742855930231,18.315382853113,18.3346494441863,22.731,NA,0,1,1.185
"22b_00014_11:06:00_20250121","22b","vertical",70.6526915905319,74.895695702864,"11:06:00","20250121",0.994961410617963,81.6549902797435,14.7321114123233,14.7250153348622,99.107,NA,0,1,14.057
"22b_00017_11:16:00_20250121","22b","vertical",66.2612069422395,76.9924244587913,"11:16:00","20250121",0.994374904005017,73.1628850186792,18.6773791918015,18.6784241212648,88.91,NA,0,1,13.173
"22b_00018_17:45:00_20250124","22b","vertical",254.874476889042,13.0210834903931,"17:45:00","20250124",0.917958261314672,1.70067571561301,3.15485873143583,3.15126787321953,6.385,NA,0,1,-1.612
"22b_00019_08:36:00_20250120","22b","horizontal",94.8149730159107,41.5440623886547,"08:36:00","20250120",0.998502368883034,206.194307716837,6.78015603010274,6.76090198254371,226.999,NA,0,1,10.171
"22b_00023_08:54:00_20250120","22b","horizontal",93.1361401970936,45.5893554668996,"08:54:00","20250120",0.968381336114245,14.4521308891313,4.87266449894641,4.870141258612,16.075,NA,0,1,-1.352
"22b_00025_11:55:00_20250121","22b","horizontal",25.4756981423303,83.6368109189951,"11:55:00","20250121",0.917135584563111,4.70744081565511,45.5413451536458,45.5501447129004,6.325,NA,0,1,-5.967
"22b_00026_15:24:00_20250126","22b","horizontal",268.493820879787,44.2854493953221,"15:24:00","20250126",1,NA,-41.2879427870069,318.736421431277,227,NA,0,1,1.793
"22b_00028_10:53:00_20250128","22b","horizontal",70.5240533102166,71.037821531425,"10:53:00","20250128",0.908211214518378,1.52923566546701,-12.2670627271976,347.728085864897,5.744,NA,0,1,-1.789
"22b_00028_15:22:00_20250122","22b","vertical",267.292082866201,44.817889688184,"15:22:00","20250122",0.988688424377888,17.6519604470887,11.1621055338865,11.1726770050511,44.313,NA,0,1,1.89
"22b_00028_16:57:00_20250119","22b","vertical",257.966758354278,23.64031941977,"16:57:00","20250119",0.96440928486545,13.0749785470898,40.3967819102896,40.393524556723,14.313,NA,0,1,-3.632
"22b_00030_17:03:00_20250119","22b","vertical",257.442263001948,22.3206736994483,"17:03:00","20250119",0.956484985378729,11.0748389870623,39.5586123532143,39.5340878640268,11.759,NA,0,1,-10.682
"22b_00031_10:55:00_20250128","22b","horizontal",69.8571574718633,71.4618068551266,"10:55:00","20250128",0.809991795519473,1.47148247051291,30.9890790016479,3.78152144786343,200.201,NA,0,0.5,-3.297
"22b_00032_15:30:00_20250122","22b","vertical",266.524235621248,43.0174267455663,"15:30:00","20250122",0.962310451036709,8.35048203733202,28.0906515188508,28.0749319614103,13.529,NA,0,1,-0.952
"22b_00034_16:28:00_20250121","22b","vertical",261.007713115583,30.0416827708908,"16:28:00","20250121",0.93781206021758,7.30543746846334,27.0597410663609,27.0436079301749,8.319,NA,0,1,-9.434
"22b_00035_12:17:00_20250120","22b","vertical",335.615995643991,83.9285045351185,"12:17:00","20250120",0.936769560213023,4.02837518970811,30.918447988723,30.9397209370645,8.186,NA,0,1,-2.008
"22b_00035_16:35:00_20250121","22b","vertical",260.396362473721,28.4856020405724,"16:35:00","20250121",0.97211627775569,15.6796516711298,30.0376601465128,30.0229884648551,18.193,NA,0,1,0.362
"22b_00035_17:24:00_20250119","22b","vertical",255.580167609398,17.7263187227597,"17:24:00","20250119",0.944525646483096,5.22804084195589,-47.0937301458503,312.892251920943,9.287,NA,0,1,-2.005
"22b_00036_15:39:00_20250122","22b","vertical",265.679165388416,40.9937332947678,"15:39:00","20250122",0.965594494333479,7.28410794690509,27.2929973800927,27.2727910482272,14.795,NA,0,1,-0.448
"22b_00036_18:13:00_20250126","22b","vertical",252.671162264518,6.90693515950054,"18:13:00","20250126",0.760225849602813,2.19402605507926,-31.5325899355495,8.59436692696235,5.963,278.629375772119,5.963,0.5,-26.471
"22b_00037_12:24:00_20250120","22b","vertical",322.898926358755,83.1165717902057,"12:24:00","20250120",0.974798121551433,16.880098647002,14.774605615126,14.7823111143752,20.099,NA,0,1,1.233
"22b_00038_15:45:00_20250122","22b","horizontal",265.12498138547,39.6458742318225,"15:45:00","20250122",0.963215968453397,7.80241519363348,-37.0490745707994,322.976309115245,13.856,NA,0,1,-0.742
"22b_00039_17:30:00_20250119","22b","vertical",255.038716567075,16.4213796500316,"17:30:00","20250119",0.971303516395825,14.995281526331,50.9510956932971,50.9359479871302,17.685,NA,0,1,0.05
"22b_00041_11:57:00_20250125","22b","vertical",20.597691529768,82.843279315154,"11:57:00","20250125",0.980950784908336,23.0050009206453,27.2705811091432,27.2727910482272,26.496,NA,0,1,4.62
"22b_00041_17:37:00_20250119","22b","vertical",254.400647300274,14.9039866044691,"17:37:00","20250119",0.953794911017654,6.84371214818055,44.83484864155,44.8625953587435,11.091,NA,0,1,-1.681
"22b_00042_12:05:00_20250125","22b","horizontal",5.28304024295806,83.2490026578504,"12:05:00","20250125",0.945857849439476,7.43292234603919,-175.655225120813,184.320522693586,9.509,NA,0,1,-4.181
"22b_00042_12:22:00_20250123","22b","horizontal",330.472192979623,82.8809703626872,"12:22:00","20250123",0.997664412370318,85.1015241182799,-168.279118585704,191.711678250773,209.099,NA,0,1,5.054
"22b_00043_18:27:00_20250126","22b","horizontal",251.252902442954,3.98000989847136,"18:27:00","20250126",0.0919679709966867,0,70.6632042228593,165.126436556703,25.446,345.149775786808,25.446,0.5,-2.013
"22b_00046_12:14:00_20250125","22b","horizontal",347.316234668711,83.1150343058338,"12:14:00","20250125",0.942867003335706,0.902402289577471,175.817738250257,175.84074732565,9.023,NA,0,1,-0.699
"22b_00046_18:36:00_20250126","22b","horizontal",250.316115158632,2.17186467669607,"18:36:00","20250126",0.977889467903953,17.8837096560733,172.303967962142,172.288408995839,22.872,NA,0,1,1.751
"22b_00047_15:29:00_20250128","22b","vertical",268.708027528603,43.083281626264,"15:29:00","20250128",0.889415047821278,1.2845925158998,26.0590843057275,26.0695796784525,4.835,NA,0,1,-2.085
"22b_00047_15:33:00_20250123","22b","vertical",266.56871507999,42.3297940096724,"15:33:00","20250123",0.898482913209445,2.07144285631701,18.1182866230169,18.105466326134,5.231,NA,0,1,-2.598
"22b_00048_15:34:00_20250128","22b","vertical",268.197616704966,41.956672852548,"15:34:00","20250128",0.893258441340275,4.25759652711712,11.6436925614914,11.6310432411557,4.995,NA,0,1,-13.525
"22b_00048_15:38:00_20250123","22b","vertical",266.094678257304,41.2052000559974,"15:38:00","20250123",0.972310790610734,16.4038788563986,12.6845774746896,12.6623672723912,18.318,NA,0,1,0.582
"22b_00048_17:55:00_20250122","22b","vertical",253.430806736271,10.945051562104,"17:55:00","20250122",0.922298718186995,6.15170272648206,13.4883838131952,13.4645081855743,6.723,NA,0,1,-17.809
"22b_00049_15:43:00_20250123","22b","vertical",265.626059336549,40.0812678991434,"15:43:00","20250123",0.96933489764359,14.278804601914,15.1166678005626,15.1260857914537,16.568,NA,0,1,-0.652
"22b_00053_15:40:00_20250128","22b","tilted",267.595182857325,40.6052023186364,"15:40:00","20250128",0.874463895487711,3.71975595089355,58.697556553899,58.6708782213963,4.31,NA,0,1,-16.794
"22b_00053_16:35:00_20250120","22b","horizontal",260.131545871695,28.4963139450051,"16:35:00","20250120",0.992907928594325,57.2710354616688,-15.6298691826939,344.347634873625,70.727,NA,0,1,10.606
"22b_00054_18:00:00_20250119","22b","horizontal",252.247072749073,9.96389954208076,"18:00:00","20250119",0.995226732411012,86.1822035299869,-9.00054565220779,350.993945297142,104.557,NA,0,1,14.49
"22b_00055_15:50:00_20250128","22b","horizontal",266.612153032399,38.3542391276733,"15:50:00","20250128",0.704523348032619,1.77719678151655,-63.9027664523305,309.740984047723,12.934,NA,0,0.5,-25.359
"22b_00057_16:40:00_20250120","22b","horizontal",259.697486454982,27.3875591141253,"16:40:00","20250120",0.846780452349192,2.94118712946221,-38.4533007052725,321.543914627418,3.613,NA,0,1,-13.958
"22b_00057_18:18:00_20250122","22b","horizontal",251.183765309735,6.06266518202168,"18:18:00","20250122",0.988011257620732,35.2395075391475,-4.22361449954957,355.749494996728,41.918,NA,0,1,7.98
"22b_00058_18:11:00_20250127","22b","horizontal",253.127642291322,7.26734659039776,"18:11:00","20250127",0.991918828870011,34.9804455382169,-51.3669794676449,308.652364236974,61.859,NA,0,1,3.849
"22b_00059_18:10:00_20250119","22b","horizontal",251.278742931087,7.84441466303394,"18:10:00","20250119",0.988353527112254,38.1470524673518,-13.8240464138584,346.181099818043,43.185,NA,0,1,11.448
"22b_2025-01-22 15-10-42_16:10:00_20250122","22b","antisolar",262.871934483296,34.0435433391194,"16:10:00","20250122",0.604351931072054,1.33974992123224,-65.1355245260009,294.844081374322,1.534,NA,0,1,-10.01
"22b_2025-01-22 15-21-33_16:20:00_20250122","22b","solar",261.986926813475,31.8101092118455,"16:20:00","20250122",0.445335147682264,0.741973824890763,-176.234238337755,160.829253093222,12.538,NA,0,0.5,-11.142
"22b_2025-01-26 14-34-55_15:34:00_20250126","22b","antisolar",267.491086571745,42.0328660598654,"15:34:00","20250126",0.993314254075827,20.0102645619111,-169.174753342949,190.852241558077,74.931,NA,0,1,2.21
"22b_2025-01-27 11-41-59_12:43:00_20250127","22b","antisolar",310.071033518687,79.1408473055254,"12:43:00","20250127",0.466683554622147,0.926887347615637,-45.5815533478193,19.9389312705526,3.454,266.654557853885,3.454,0.5,-21.819
"22b_2025-01-28 07-57-05_08:58:00_20250128","22b","antisolar",90.2828268095431,45.4795864850962,"08:58:00","20250128",0.999803990705707,680.306538234052,-1.83979970736728,358.155917736278,226.999,NA,0,1,5.245
"22b_2025-01-28 10-20-24_11:23:00_20250128","22b","antisolar",56.7052916877562,77.1192858944582,"11:23:00","20250128",0.244682164926669,0,-40.5095813148069,NA,0,NA,0,1,-11.027
"22b_2025-01-28 10-20-58_11:23:00_20250128","22b","antisolar",56.7052916877562,77.1192858944582,"11:23:00","20250128",0.725255670635484,1.84269902701277,43.9744270044867,43.9458628865341,2.18,NA,0,1,-22.97
"22b_2025-01-28 10-24-26_11:25:00_20250128","22b","antisolar",55.3700147030626,77.4930002576591,"11:25:00","20250128",0.619363480063117,1.51663803861706,34.5663761009845,44.4042291226388,6.582,NA,0,0.5,-23.7
"22b_2025-01-28 10-30-19_11:30:00_20250128","22b","antisolar",51.6893340878427,78.3991143864333,"11:30:00","20250128",0.546776760047543,1.21888885422955,39.8806903862096,166.55883104453,6.867,25.2101429857562,6.867,0.5,-20.183
"22b_2025-01-28 10-44-09_11:44:00_20250128","22b","solar",38.0556580360006,80.6364687798486,"11:44:00","20250128",0.906471082238767,5.00125711362491,-177.490182388503,182.487057749167,5.645,NA,0,1,-15.76
"22b_2025-01-28 10-48-54_11:50:00_20250128","22b","solar",30.3225775918335,81.3970169593486,"11:50:00","20250128",0.968841260089216,12.7519055292943,159.206916731426,159.224971266856,16.31,NA,0,1,-0.509
"22b_2025-01-28 10-53-54_11:53:00_20250128","22b","solar",25.9796233134833,81.7157768962351,"11:53:00","20250128",0.528412742721588,1.09191833061404,-106.308352556302,248.262612630186,13.194,NA,0,0.5,-13.49
"22b_2025-01-28 14-56-08_15:57:00_20250128","22b","antisolar",265.937207598077,36.7799626822117,"15:57:00","20250128",0.999332677008909,74.9512611603357,-25.1835344832066,334.836535474453,227,NA,0,1,3.283
"22b_antisolar_2025-01-21 11-47-07_12:47:00_20250121","22b","antisolar",299.807266676765,79.0485785427985,"12:47:00","20250121",0.225049544362717,0.10121101411421,-178.012553428702,248.377204189212,16.534,428.400543419317,1.145,0.5,-18.976
"22b_solar_2025-01-21 12-03-51_13:05:00_20250121","22b","solar",290.30107098664,75.3635664289328,"13:05:00","20250121",0.438773829795124,0.861681019414248,-129.273126705739,203.801087728034,6.575,NA,0,0.5,-29.415
"23y_00009_08:29:00_20250128","23y","tilted",93.2396705215817,38.9502171832923,"08:29:00","20250128",0.904635302924359,3.9928718005844,-39.607241225465,320.397999037156,5.544,NA,0,1,-6.164
"23y_00011_08:36:00_20250128","23y","horizontal",92.5489760763043,40.5250877596417,"08:36:00","20250128",0.870293767059058,1.10923179801782,-22.3140898999518,337.701324450107,4.185,NA,0,1,-2.343
"23y_00012_08:36:00_20250128","23y","horizontal",92.5489760763043,40.5250877596417,"08:36:00","20250128",0.93890893052549,5.86833934569277,-5.86386546351757,354.145213170362,8.462,NA,0,1,-3.455
"23y_00014_08:40:00_20250128","23y","horizontal",92.1485412375544,41.4254419825314,"08:40:00","20250128",0.922627924968555,3.31979673040925,-19.5468482715957,340.451521866735,6.749,NA,0,1,-2.533
"23y_00015_08:45:00_20250128","23y","horizontal",91.6414027441174,42.5512429502405,"08:45:00","20250128",0.95355926836376,9.26712416577942,-15.2492436414468,344.748705330216,11.036,NA,0,1,-4.37
"23y_00030_18:37:00_20250124","23y","horizontal",249.715043604698,2.09682644416956,"18:37:00","20250124",0.422367733886975,0.501770872162638,46.1129799879458,NA,0,NA,0,1,-9.189
"23y_00034_15:23:00_20250127","23y","vertical",268.961104021967,44.4760620905394,"15:23:00","20250127",0.989227052578471,18.5293972818564,16.8226290093377,16.8449591768462,46.507,NA,0,1,1.989
"23y_00034_18:10:00_20250126","23y","vertical",252.969452068478,7.54368017662163,"18:10:00","20250126",1,NA,-12.7097694678367,347.269719628792,226.999,NA,0,1,1.793
"23y_00035_18:10:00_20250126","23y","vertical",252.969452068478,7.54368017662163,"18:10:00","20250126",0.923802208148243,3.85271542521484,-6.05319867536311,353.973325831823,6.849,NA,0,1,-2.992
"23y_00059_18:20:00_20250122","23y","horizontal",250.982894596689,5.64508408616791,"18:20:00","20250122",0.848499434722264,0.361768745246415,46.8470889286202,NA,0,NA,0,1,-3.676
"23y_00071_18:36:00_20250125","23y","horizontal",250.066292313797,2.23388906926153,"18:36:00","20250125",0.882851477337016,0.456692847485956,-110.99756677023,249.007457763856,4.588,NA,0,1,-1.452
"23y_2025-01-28 07-52-58_08:54:00_20250128","23y","antisolar",90.7076099776225,44.578424893076,"08:54:00","20250128",0.989932610639703,24.5755647802071,-12.7061911271672,347.269719628792,49.918,NA,0,1,2.656
"23y_2025-01-28 07-57-05_08:58:00_20250128","23y","antisolar",90.2828268095431,45.4795864850962,"08:58:00","20250128",0.967509700877506,13.3859412695182,-16.1139018200262,343.88926863752,15.652,NA,0,1,-1.209
"25y_00020_08:50:00_20250123","25y","horizontal",92.6779631827425,44.3080288879915,"08:50:00","20250123",0.940495972909419,2.31367731117996,19.7160948563267,19.7097481525003,8.679,NA,0,1,-1.111
"25y_00057_17:57:00_20250123","25y","horizontal",253.483904010789,10.4766126805539,"17:57:00","20250123",0.709064721484083,1.27353100989239,-9.23278219442329,349.848029706881,90.781,529.871368936985,90.781,0.5,0.976
"26y_00038_15:45:00_20250122","26y","horizontal",265.12498138547,39.6458742318225,"15:45:00","20250122",0.993716041242406,31.6932534786618,-43.0087216813227,317.017548045884,79.347,NA,0,1,3.071
"26y_00043_15:55:00_20250122","26y","horizontal",264.214554598817,37.4020654605154,"15:55:00","20250122",0.970666950702207,8.52031867185097,-4.93120291433299,355.061945642571,17.305,NA,0,1,-0.042
"26y_2025-01-22 15-21-33_16:20:00_20250122","26y","solar",261.986926813475,31.8101092118455,"16:20:00","20250122",0.550588115572271,1.15404373317913,-64.9211251599486,325.440027634308,9.679,206.15021468807,11.961,0.5,-8.709
"32b_00030_17:03:00_20250119","32b","vertical",257.442263001948,22.3206736994483,"17:03:00","20250119",0.993152647220669,41.2576028106436,27.54297443398,27.5592699457926,72.911,NA,0,1,4.348
"32b_00035_17:24:00_20250119","32b","vertical",255.580167609398,17.7263187227597,"17:24:00","20250119",0.99125404020163,49.4915390581109,50.2719206795664,50.2483986329732,57.422,NA,0,1,12.639
"43y_00034_11:05:00_20250128","43y","horizontal",66.0898413969626,73.5511208092659,"11:05:00","20250128",0.91789411351255,3.58828845142439,18.764427591088,18.7357199007779,6.381,NA,0,1,-3.226
"46b_2_2025-01-28 10-38-24_11:37:00_20250128","46b","solar",45.5658261264587,79.583651318446,"11:37:00","20250128",0.442294259155441,0.878374448449062,-145.386589100056,190.221987983433,84.494,NA,0,0.5,-24.417
"46b_2025-01-28 10-38-24_11:37:00_20250128","46b","solar",45.5658261264587,79.583651318446,"11:37:00","20250128",0.806908607495597,1.94489423904771,-151.425524138163,208.55663742762,2.959,NA,0,1,-8.019
"47y_00008_08:29:00_20250128","47y","tilted",93.2396705215817,38.9502171832923,"08:29:00","20250128",0.99023890143543,37.1554937717686,-21.5183919465738,338.50346536329,51.37,NA,0,1,5.467
"47y_00013_08:40:00_20250128","47y","horizontal",92.1485412375544,41.4254419825314,"08:40:00","20250128",0.992372545389558,17.5481457762149,-13.2423208221485,346.754057613174,65.384,NA,0,1,2.012
"47y_00015_08:45:00_20250128","47y","horizontal",91.6414027441174,42.5512429502405,"08:45:00","20250128",0.97535692934386,15.7188923521925,-17.4682962833091,342.514169929206,20.55,NA,0,1,0.958
"47y_00033_15:20:00_20250127","47y","vertical",269.273718465683,45.1522155928757,"15:20:00","20250127",0.975432320220218,10.1471256427454,24.6845420753571,24.6944809701385,20.604,NA,0,1,0.407
"47y_00034_15:23:00_20250127","47y","vertical",268.961104021967,44.4760620905394,"15:23:00","20250127",0.979148010511835,9.62331057440188,21.7192865798573,21.7151004354582,24.217,NA,0,1,0.657
"47y_00034_18:08:00_20250126","47y","vertical",253.167286263115,7.96949966678467,"18:08:00","20250126",0.814231177723729,2.42680573786805,6.52896868171966,0.0572957795130823,54.481,NA,0,0.5,-9.473
"47y_00036_18:13:00_20250126","47y","vertical",252.671162264518,6.90693515950054,"18:13:00","20250126",0.971353531265164,13.5510834768418,-2.17470464008191,357.812143059199,17.716,NA,0,1,0.042
"47y_00039_18:18:00_20250126","47y","horizontal",252.169749105486,5.85188262941193,"18:18:00","20250126",0.806436343412248,2.53603785846798,-18.4287638614697,349.676142368341,64.651,NA,0,0.5,-9.686
"47y_00047_17:39:00_20250127","47y","vertical",256.221104464463,14.1717346174024,"17:39:00","20250127",0.958178266284197,8.06166237564776,29.9203542578915,29.908396905829,12.222,NA,0,1,-1.513
"47y_00048_17:44:00_20250127","47y","vertical",255.74833952136,13.08267190607,"17:44:00","20250127",0.945061890607395,8.3579681689145,44.9564510732808,44.9771869177696,9.375,NA,0,1,-8.886
"47y_00049_17:48:00_20250127","47y","vertical",255.367627478747,12.2136906766352,"17:48:00","20250127",0.959736681207577,11.6469918347725,46.5015335627582,46.5241729646228,12.685,NA,0,1,-6.111
"47y_00052_17:58:00_20250127","47y","tilted",254.405088947462,10.0512730886056,"17:58:00","20250127",0.927012851345964,6.14496849534473,58.6136207852391,58.6135824418832,7.135,NA,0,1,-10
"47y_00053_17:58:00_20250127","47y","tilted",254.405088947462,10.0512730886056,"17:58:00","20250127",0.995185412057786,41.3349591289957,75.5877539624683,75.5731331777556,103.042,NA,0,1,3.605
"47y_00056_18:04:00_20250127","47y","horizontal",253.81943671102,8.76191679723345,"18:04:00","20250127",0.968515787124851,15.0594833779467,-53.7154143604815,306.303237276938,16.144,NA,0,1,-1.956
"47y_00063_18:15:00_20250125","47y","vertical",252.218343774506,6.54356964077908,"18:15:00","20250125",0.814332560299667,1.7161548829751,4.57629439223774,4.58366236104659,3.06,NA,0,1,-5.88
"47y_00073_18:44:00_20250125","47y","horizontal",249.216203089615,0.751893642612786,"18:44:00","20250125",0.255378525189624,0.0551173273400331,-153.494049047778,178.304465844712,7.431,358.270509295304,7.431,0.5,-9.177
"47y_00074_18:53:00_20250125","47y","horizontal",248.237367976366,-1.65276379652315,"18:53:00","20250125",0.948875148608846,6.62914546239047,-17.1375841847878,342.857944606285,10.052,NA,0,1,-2.337
"47y_2025-01-26 15-15-32_16:14:00_20250126","47y","antisolar",263.707283216944,33.0467806943066,"16:14:00","20250126",0.846718896228144,2.58559890681646,-123.238048010129,222.765990746864,110.934,NA,0,0.5,-5.425
"48b_00049_15:40:00_20250123","48b","vertical",265.906616404568,40.755543791391,"15:40:00","20250123",0.973404944143432,15.644411751469,13.9742313689104,13.9801702011921,19.061,NA,0,1,0.659
"48b_00052_15:40:00_20250128","48b","tilted",267.595182857325,40.6052023186364,"15:40:00","20250128",0.710242401488299,0.207123598488799,68.2725052722194,112.987277199798,227,NA,0,0.5,-1.405
"58r_00003_08:01:00_20250120","58r","vertical",97.9279413457839,33.7101194524527,"08:01:00","20250120",0.998377814566111,190.374239580677,-13.3432086817762,346.639466054148,226.999,NA,0,1,9.973
"58r_00012_08:24:00_20250120","58r","vertical",95.8988121371778,38.8526661694837,"08:24:00","20250120",0.998772124451129,294.095816641796,11.0576422736147,11.0580854460249,227,NA,0,1,15.143
"60r_00003_08:01:00_20250120","60r","vertical",97.9279413457839,33.7101194524527,"08:01:00","20250120",0.998831069958529,42.7992033449208,-22.7599558965539,337.242958214003,226.999,NA,0,1,3.055
"60r_00004_08:04:00_20250120","60r","vertical",97.665694632357,34.3795296510278,"08:04:00","20250120",0.988878049098179,12.0560937333776,-20.7696740970116,339.24831049696,45.225,NA,0,1,1.443
"60r_00019_08:36:00_20250120","60r","horizontal",94.8149730159107,41.5440623886547,"08:36:00","20250120",0.976557824106641,19.3320060420104,15.9142775177752,15.9282267046369,21.587,NA,0,1,2.944
"60r_00039_17:30:00_20250119","60r","vertical",255.038716567075,16.4213796500316,"17:30:00","20250119",0.93967774602655,7.38000688282727,47.205264212598,47.2117223187798,8.566,NA,0,1,-7.924
"60r_00042_17:40:00_20250119","60r","vertical",254.124919295473,14.255453990266,"17:40:00","20250119",0.967385904225605,13.2219440057837,40.9394561996569,40.9664823518539,15.594,NA,0,1,-1.185
"60r_00053_17:55:00_20250119","60r","horizontal",252.72347994259,11.0309768338576,"17:55:00","20250119",0.985650940596531,19.7640404585857,-18.2416082368495,341.769324795536,35.097,NA,0,1,2.117
"62b_00051_17:49:00_20250119","62b","horizontal",253.288844530423,12.3168807499206,"17:49:00","20250119",0.996175407693864,107.507807662174,-7.43796493542991,352.540931343996,130.105,NA,0,1,16.267
"62b_00063_18:18:00_20250119","62b","horizontal",250.487959069273,6.16697516527445,"18:18:00","20250119",0.149529884276222,0,-10.0133590716076,349.905325486394,226.999,529.928664716498,31.198,0.5,2.929
"62b_antisolar_2025-01-21 11-37-17_12:37:00_20250121","62b","antisolar",308.005536572241,80.9239324378946,"12:37:00","20250121",0.708155215947037,1.42757927203017,-109.842920413075,250.153373354117,2.065,NA,0,1,-11.207
"62b_antisolar_2025-01-21 11-38-00_12:38:00_20250121","62b","antisolar",307.047424241251,80.7450639972042,"12:38:00","20250121",0.340239154919563,0.416586038121219,165.279638414974,221.505483597576,7.506,83.2507676325086,7.506,0.5,-10.274
"64r_00028_10:53:00_20250128","64r","horizontal",70.5240533102166,71.037821531425,"10:53:00","20250128",0.994311098591167,8.81425750885396,-16.7944741079064,343.201719283363,87.922,NA,0,1,1.635
"65r_00047_15:33:00_20250123","65r","vertical",266.56871507999,42.3297940096724,"15:33:00","20250123",0.984231017415398,26.5565435752821,9.17235242449543,9.16732472209317,31.967,NA,0,1,5.191
"66b_00013_11:22:00_20250127","66b","vertical",58.1672520521053,77.1233381421582,"11:22:00","20250127",0.977250681869056,14.6681163711344,7.43577012712683,7.4484513367007,22.226,NA,0,1,0.962
"66b_00020_11:48:00_20250127","66b","horizontal",33.6933202496702,81.4084990626284,"11:48:00","20250127",0.99951439664075,408.929729134774,140.399509942362,140.374659807052,227,NA,0,1,6.731
"66b_00021_11:48:00_20250127","66b","horizontal",33.6933202496702,81.4084990626284,"11:48:00","20250127",0.786677276733838,1.52545420390218,119.893216595701,139.114152657764,46.214,NA,0,0.5,-5.522
"66b_00021_15:17:00_20250126","66b","vertical",269.215844121028,45.8629833033581,"15:17:00","20250126",0.990528050571204,21.0604067105526,21.9576971490008,21.9442835535105,52.996,NA,0,1,2.247
"66b_00023_10:35:00_20250128","66b","vertical",75.5743315027125,67.1567159139035,"10:35:00","20250128",0.737949058389996,1.49511821324259,4.65617660662691,10.1986487533287,227,NA,0,0.5,-1.828
"66b_00023_12:01:00_20250127","66b","horizontal",13.0575150440987,82.5857014292094,"12:01:00","20250127",0.190723070815944,0,104.869801640644,NA,0,NA,0,1,-11.027
"66b_00024_10:40:00_20250128","66b","vertical",74.3188397157428,68.2447383657911,"10:40:00","20250128",0.990372596174479,48.1426930471095,2.48315057583087,2.46371851906254,52.143,NA,0,1,21.038
"66b_00024_15:24:00_20250126","66b","horizontal",268.493820879787,44.2854493953221,"15:24:00","20250126",0.99405228717961,62.8302309259004,-52.8524823857097,307.162673969634,83.895,NA,0,1,8.749
"66b_00025_15:24:00_20250126","66b","horizontal",268.493820879787,44.2854493953221,"15:24:00","20250126",1,NA,-40.1364238930432,319.882337021539,226.999,NA,0,1,1.793
"66b_00026_12:11:00_20250127","66b","horizontal",354.446518578269,82.7331438884779,"12:11:00","20250127",0.492066762805931,0.683787075806635,162.00076753814,357.124593705042,12.267,537.090637155634,12.267,0.5,-3.521
"66b_00027_10:49:00_20250128","66b","tilted",71.7852255721333,70.184808570699,"10:49:00","20250128",0.866871992152533,3.85092039973935,-57.5993613825733,302.407124270048,4.089,NA,0,1,-45.327
"66b_00028_10:55:00_20250128","66b","horizontal",69.8571574718633,71.4618068551266,"10:55:00","20250128",0.863376168130566,3.21166191890913,-16.3195223559007,343.660085519468,3.996,NA,0,1,-12.14
"66b_00028_15:29:00_20250126","66b","horizontal",267.988574081088,43.1589712764911,"15:29:00","20250126",0.931872925149657,3.02413514409202,-68.8004676687667,291.177151485484,7.621,NA,0,1,-1.761
"66b_00032_11:05:00_20250128","66b","horizontal",66.0898413969626,73.5511208092659,"11:05:00","20250128",0.941544883102247,3.50469225344249,15.0999218951773,15.1260857914537,8.83,NA,0,1,-1.444
"66b_00043_15:55:00_20250122","66b","horizontal",264.214554598817,37.4020654605154,"15:55:00","20250122",0.988040666151188,16.7014371545673,-15.2020444275825,344.806001109729,44.14,NA,0,0.5,-0.562
"66b_00049_17:48:00_20250127","66b","vertical",255.367627478747,12.2136906766352,"17:48:00","20250127",0.97854874319007,14.5441125756931,18.2693476692398,18.2773536646733,23.555,NA,0,1,1.05
"66b_00049_17:59:00_20250122","66b","vertical",253.047729072646,10.0878486557324,"17:59:00","20250122",0.990095117145827,20.1443419054396,18.3120540674973,18.3346494441863,50.65,NA,0,1,2.157
"66b_2_2025-01-28 10-16-41_11:16:00_20250128","66b","solar",60.857866800008,75.7700054105155,"11:16:00","20250128",0.71687741253701,1.79355311812604,-133.280771303584,226.719399533267,2.122,NA,0,1,-23.312
"66b_2_2025-01-28 10-31-59_11:33:00_20250128","66b","antisolar",49.216457837858,78.9202899086578,"11:33:00","20250128",0.668786623238481,1.60903622467993,45.7312478523957,80.7870491134461,26.721,NA,0,0.5,-6.164
"66b_2025-01-26 11-28-07_12:28:00_20250126","66b","antisolar",325.240447107701,81.6053265592386,"12:28:00","20250126",0.621374481230261,1.5032072402265,7.2906185637425,7.27656399816146,1.606,NA,0,1,-18.243
"66b_2025-01-27 11-44-44_12:43:00_20250127","66b","antisolar",310.071033518687,79.1408473055254,"12:43:00","20250127",0.27123331212785,0,-77.3746500831053,NA,0,NA,0,1,-9.189
"66b_2025-01-27 11-56-04_12:55:00_20250127","66b","antisolar",301.326553253246,76.9380140125522,"12:55:00","20250127",0.877012846657355,2.69508605018056,-31.9515593348799,328.075633491909,4.39,NA,0,1,-5.266
"66b_2025-01-27 12-03-34_13:04:00_20250127","66b","solar",296.416748413075,75.1594726914067,"13:04:00","20250127",0.611422935586776,1.42798436843459,167.028954375269,167.017197280635,1.563,NA,0,1,-14.19
"66b_2025-01-27 15-01-25_16:04:00_20250127","66b","solar",264.947661155762,35.2505296637018,"16:04:00","20250127",0.624575461425218,1.48957803997039,-122.796971674253,237.204527184161,1.621,NA,0,1,-13.981
"66b_2025-01-28 10-12-07_11:12:00_20250128","66b","solar",62.9198108955281,74.9750283537301,"11:12:00","20250128",0.526458969550268,0.962085644133818,140.455072690136,189.706325967816,23.431,NA,0,0.5,-8.869
"66b_2025-01-28 10-15-52_11:15:00_20250128","66b","solar",61.3925405171633,75.5727150240893,"11:15:00","20250128",0.689870918875473,1.77409917423025,176.258935919323,105.02316384748,89.256,204.603228641217,89.256,0.5,0.787
"66b_2025-01-28 10-27-12_11:30:00_20250128","66b","antisolar",51.6893340878427,78.3991143864333,"11:30:00","20250128",0.723471085846889,1.55949405628023,29.2769433103664,29.2781433311851,2.168,NA,0,1,-12.128
"66b_2025-01-28 10-31-18_11:33:00_20250128","66b","antisolar",49.216457837858,78.9202899086578,"11:33:00","20250128",0.703479581560412,1.51116967573306,-7.98214323539246,350.592874840551,115.72,NA,0,0.5,-5.138
"66b_2025-01-28 10-36-03_11:37:00_20250128","66b","solar",45.5658261264587,79.583651318446,"11:37:00","20250128",0.590301909247501,1.36542094410904,-135.043918153566,207.296130278332,8.909,NA,0,0.5,-18.665
"66b_2025-01-28 10-47-44_11:47:00_20250128","66b","solar",34.3467386947313,81.0355985402375,"11:47:00","20250128",0.779685426269383,1.48396251178015,-174.858538417995,189.305255511224,227,NA,0,0.5,-1.786
"69r_00016_08:32:00_20250120","69r","horizontal",95.1788317054475,40.6463819351993,"08:32:00","20250120",0.950808563954104,7.77467719380315,4.91571809677483,4.92743703812508,10.433,NA,0,1,-2.995
"69r_00024_08:54:00_20250120","69r","horizontal",93.1361401970936,45.5893554668996,"08:54:00","20250120",0.989732208828138,42.485899684749,8.25903359605515,8.25059224988385,48.945,NA,0,1,11.468
"69r_00028_11:55:00_20250120","69r","vertical",25.7684991579379,83.8666101808525,"11:55:00","20250120",0.874730400136556,3.09936135848532,-72.300945539755,287.682108935186,4.318,NA,0,1,-7.622
"69r_00034_12:15:00_20250120","69r","vertical",339.809712856262,84.0998597041136,"12:15:00","20250120",0.963599335993948,12.4843056158865,28.4092761658188,28.4187066384888,14.001,NA,0,1,-3.194
"69r_00038_12:25:00_20250120","69r","vertical",321.332902310109,82.9780252199229,"12:25:00","20250120",0.994240529059465,62.8424703516818,19.3269673450228,19.3086776959087,86.611,NA,0,1,8.115
"69r_00041_12:48:00_20250120","69r","horizontal",297.974515630563,78.9162656800207,"12:48:00","20250120",0.994278859778633,34.8011424927187,-142.66296770513,217.322891693121,86.905,NA,0,1,3.259
"73b_00002_07:58:00_20250120","73b","vertical",98.1897166478492,33.0411575304456,"07:58:00","20250120",0.875436259538963,3.43834822321853,-18.7984314838855,344.519522212164,113.301,NA,0,0.5,1.126
"73b_00003_08:05:00_20250123","73b","vertical",96.8640916302023,34.2089873823978,"08:05:00","20250123",0.97929850374025,15.0649160656214,-26.0937614961878,333.919803002244,24.397,NA,0,1,1.176
"73b_00004_08:04:00_20250120","73b","vertical",97.665694632357,34.3795296510278,"08:04:00","20250120",0.9913561402646,51.8075513742738,-18.3475135184659,341.65473323651,58.094,NA,0,1,16.41
"73b_00007_08:15:00_20250120","73b","vertical",96.6986983862836,36.8376371364893,"08:15:00","20250120",0.997947752391579,214.280910712379,-7.40613546105427,352.598227123509,227,NA,0,1,31.851
"73b_00007_08:15:00_20250123","73b","vertical",95.9614926408774,36.4471976590942,"08:15:00","20250123",0.980001568717244,14.2227411291821,-24.3741627509352,335.638676387636,25.259,NA,0,1,1.113
"73b_00009_08:21:00_20250123","73b","horizontal",95.4143421667721,37.7920326556714,"08:21:00","20250123",0.977562231070086,13.9119002342406,4.25607275258671,4.23988768396809,22.531,NA,0,1,0.891
"73b_00012_08:24:00_20250120","73b","vertical",95.8988121371778,38.8526661694837,"08:24:00","20250120",0.999412984521396,699.308303221831,-4.70809245985485,355.291128760623,227,NA,0,1,26.556
"73b_00014_11:06:00_20250121","73b","vertical",70.6526915905319,74.895695702864,"11:06:00","20250121",0.980252783543018,18.4614226659858,-2.41176249587788,357.582959941147,25.578,NA,0,1,1.918
"73b_00017_11:17:00_20250121","73b","vertical",65.7526675618269,77.1982766860643,"11:17:00","20250121",0.993699908065867,60.901890985162,1.83782382545862,1.83346494441863,79.339,NA,0,1,9.198
"73b_00021_08:48:00_20250120","73b","horizontal",93.7043066583479,44.2399869563619,"08:48:00","20250120",0.987424041198211,36.7421505843619,4.81374684647408,4.81284547909892,40.007,NA,0,1,15.095
"73b_00021_15:17:00_20250126","73b","vertical",269.215844121028,45.8629833033581,"15:17:00","20250126",0.980243973728408,6.81767106176541,10.3478830985365,10.3705360918679,25.534,NA,0,1,0.575
"73b_00023_15:23:00_20250126","73b","horizontal",268.595875276733,44.5107823803839,"15:23:00","20250126",0.974671217940894,14.9031990142158,-46.3712890302939,313.637097054613,20.001,NA,0,1,0.725
"73b_00027_16:51:00_20250119","73b","vertical",258.488764797018,24.9627745175698,"16:51:00","20250119",0.955465093576677,11.1302837934972,42.7388347409371,42.7426515167594,11.496,NA,0,1,-20.803
"73b_00029_17:00:00_20250119","73b","vertical",257.704851563349,22.9801351772787,"17:00:00","20250119",0.985792148597673,30.0564232796913,46.7480122753256,46.7533560826752,35.448,NA,0,1,6.8
"73b_00035_17:24:00_20250119","73b","vertical",255.580167609398,17.7263187227597,"17:24:00","20250119",0.928674471819135,5.9822396864654,49.5215083598644,49.5035534993031,7.294,NA,0,1,-7.427
"73b_00036_18:13:00_20250126","73b","vertical",252.671162264518,6.90693515950054,"18:13:00","20250126",0.825957972707523,1.9864280741983,-46.190074554757,313.808984393152,3.235,NA,0,1,-6.604
"73b_00039_18:18:00_20250126","73b","horizontal",252.169749105486,5.85188262941193,"18:18:00","20250126",0.298869975473613,0.0943014605924217,-179.557934912944,183.747564898455,9.704,363.713608349047,9.704,0.5,-6.024
"73b_00043_18:27:00_20250126","73b","horizontal",251.252902442954,3.98000989847136,"18:27:00","20250126",0.839099487365791,2.73932534270081,-179.754953894672,171.371676523629,97.457,NA,0,0.5,-8.066
"73b_00044_18:34:00_20250126","73b","horizontal",250.526108364005,2.56502721630365,"18:34:00","20250126",0.938594297033406,4.14368305996166,175.123091425295,175.09590219198,8.42,NA,0,1,-1.933
"73b_00047_15:33:00_20250123","73b","vertical",266.56871507999,42.3297940096724,"15:33:00","20250123",0.945260833482246,7.00875600204442,15.9615236516787,15.98552248415,9.408,NA,0,1,-3.6
"73b_00053_16:35:00_20250120","73b","horizontal",260.131545871695,28.4963139450051,"16:35:00","20250120",0.958061463048687,4.83955621213762,-33.9243796374373,326.070281208951,12.19,NA,0,1,-0.762
"73b_00055_18:15:00_20250122","73b","horizontal",251.483312451369,6.69176654127047,"18:15:00","20250122",0.266073850234285,0.250215782258217,-11.4409420395734,0.974028251722399,40.723,180.997367481827,2.373,0.5,-10.95
"73b_00056_18:04:00_20250119","73b","horizontal",251.8623023848,9.1135564386666,"18:04:00","20250119",0.804752517740324,2.17655673335753,-18.4523923110631,345.149775786808,121.818,NA,0,0.5,-2.429
"73b_00057_16:42:00_20250120","73b","horizontal",259.523709728183,26.9445099396395,"16:42:00","20250120",0.969495386455045,14.1201753206777,-25.5151420193988,334.492760797375,16.653,NA,0,1,-0.539
"73b_00058_18:01:00_20250123","73b","horizontal",253.098487014218,9.61974523640964,"18:01:00","20250123",0.151664632633176,0,-35.0099168341026,336.956479316437,193.059,516.922522767029,30.836,0.5,0.854
"73b_00058_18:09:00_20250119","73b","horizontal",251.3765531383,8.05535436836282,"18:09:00","20250119",0.897688169436054,4.46375070528945,-15.2839099568539,164.209704084494,67.077,344.175747535086,67.077,0.5,-0.272
"73b_2025-01-22 15-00-37_16:02:00_20250122","73b","antisolar",263.585164924114,35.8335960830231,"16:02:00","20250122",0.847157121600621,2.21609523057332,-38.5881371222268,328.64859128704,144.96,NA,0,0.5,-5.877
"73b_2025-01-22 15-10-42_16:10:00_20250122","73b","antisolar",262.871934483296,34.0435433391194,"16:10:00","20250122",0.924866614011705,2.75357411213236,-52.9634225847519,307.048082410608,6.941,NA,0,1,-1.965
"73b_2025-01-22 17-35-10_18:35:00_20250122","73b","zenith",249.444421186171,2.58785750254308,"18:35:00","20250122",0.322841090943242,0.456756170631107,150.285788895924,146.046941978847,226.999,NA,0,0.5,-9.561
"73b_2025-01-26 11-32-56_12:32:00_20250126","73b","solar",320.107317962619,81.0575599072247,"12:32:00","20250126",0.0785558567067826,0,-62.5503542533833,215.947792984807,3.345,395.971132214912,3.345,0.5,-12.669
"73b_2025-01-26 15-07-34_16:07:00_20250126","73b","antisolar",264.351227777717,34.6155550588005,"16:07:00","20250126",0.0657237652587039,0,-176.562943266177,256.398613321043,5.208,436.364656771635,5.208,0.5,-30.865
"80b_00049_15:43:00_20250123","80b","vertical",265.626059336549,40.0812678991434,"15:43:00","20250123",0.978774045430633,14.6967452270392,-0.139208408335067,0,14.532,NA,0,1,0.713
"80r_2025-01-27 11-49-16_12:48:00_20250127","80r","antisolar",306.057800399629,78.2524619720998,"12:48:00","20250127",0.666009572877086,1.76069093066041,-168.176989048858,182.487057749167,8.527,NA,0,0.5,-25.824
"80w_2025-01-23 11-39-25_12:38:00_20250123","80w","antisolar",309.688244269041,80.5317506570162,"12:38:00","20250123",0.917225642358911,4.56448648661777,62.6712533412511,62.6815827873121,6.332,NA,0,1,-5.419
"81r_00026_18:30:00_20250124","81r","horizontal",250.445567585405,3.48736505152755,"18:30:00","20250124",0.97745189613849,5.98224854388451,2.68385684006254,2.69290163711487,22.422,NA,0,1,0.374
"81r_00027_15:28:00_20250126","81r","horizontal",268.088976382317,43.3842397270277,"15:28:00","20250126",0.996424656804374,68.9713523745564,-60.0375720478161,299.943405750986,138.182,NA,0,1,5.252
"81r_00031_18:41:00_20250124","81r","horizontal",249.291564509748,1.34055916380613,"18:41:00","20250124",0.43347630753134,0.267549410251177,-20.0812996715999,NA,0,NA,0,1,-5.514
"81r_00036_18:13:00_20250126","81r","vertical",252.671162264518,6.90693515950054,"18:13:00","20250126",0.821694131978606,2.08025621974582,-2.71852873630611,357.296481043581,3.168,NA,0,1,-7.657
"81r_00040_18:21:00_20250126","81r","horizontal",251.866236019347,5.22336369057132,"18:21:00","20250126",0.567779534978985,1.09507478290904,-176.290831584583,182.888128205759,23.434,NA,0,0.5,-6.339
"81r_00043_18:27:00_20250126","81r","horizontal",251.252902442954,3.98000989847136,"18:27:00","20250126",0.307076861107893,0,168.818152626825,150.74519589892,8.309,330.768535129024,226.999,0.5,-1.084
"81r_00053_18:12:00_20250122","81r","horizontal",251.780805366858,7.32372930110436,"18:12:00","20250122",0.178243405320408,0,-27.9425134945093,182.429761969654,5.327,362.453101199759,174.89,0.5,-2.986
"81r_00066_18:15:00_20250125","81r","vertical",252.218343774506,6.54356964077908,"18:15:00","20250125",0.921671182626073,1.77728425904258,-13.3372954794498,346.639466054148,6.672,NA,0,1,-1.539
"81r_2025-01-26 11-30-04_12:30:00_20250126","81r","antisolar",322.595891941615,81.3394614157627,"12:30:00","20250126",0.50349686965327,1.06031972419759,40.5126122631096,40.5081161157492,1.17,NA,0,1,-26.614
"81r_2025-01-26 11-46-21_12:46:00_20250126","81r","solar",306.435362703127,78.7447700247013,"12:46:00","20250126",0.949006861295453,7.87782193908663,-165.298713247965,194.691058785454,10.077,NA,0,1,-3.78
"82b_00049_17:49:00_20250119","82b","horizontal",253.288844530423,12.3168807499206,"17:49:00","20250119",0.998904560174378,45.6688079675433,3.22256175362736,3.20856365273261,227,NA,0,1,3.089
"84b_00004_08:07:00_20250120","84b","vertical",97.4028922181492,35.04937370381,"08:07:00","20250120",0.988579983518906,30.5514824294269,-6.32373435640488,353.686846934257,43.953,NA,0,1,4.21
"84b_00010_08:19:00_20250120","84b","vertical",96.3443415748748,37.7328038365488,"08:19:00","20250120",0.998539518194782,136.03367281767,13.3360952452077,13.3499166265482,226.999,NA,0,1,5.846
"84b_00021_15:17:00_20250126","84b","vertical",269.215844121028,45.8629833033581,"15:17:00","20250126",0.974842710694591,11.3370454126775,22.9905422912573,22.975607584746,20.128,NA,0,1,0.416
"84b_00023_15:23:00_20250126","84b","horizontal",268.595875276733,44.5107823803839,"15:23:00","20250126",1,NA,-36.9939281159704,323.033604894758,226.999,NA,0,1,1.793
"84b_00024_12:04:00_20250127","84b","horizontal",7.57621007465727,82.706401200542,"12:04:00","20250127",1,NA,137.96550471599,137.968237067502,227,NA,0,1,1.793
"84b_00034_11:05:00_20250128","84b","horizontal",66.0898413969626,73.5511208092659,"11:05:00","20250128",0.969442090970308,8.18419062932642,23.9219155297988,23.9496358364684,16.622,NA,0,1,-0.146
"84b_00036_18:13:00_20250126","84b","vertical",252.671162264518,6.90693515950054,"18:13:00","20250126",0.878640926314601,2.91603618680397,-5.09485960562978,354.890058304032,4.443,NA,0,1,-5.961
"84b_00038_15:45:00_20250122","84b","horizontal",265.12498138547,39.6458742318225,"15:45:00","20250122",0.98431909805834,8.57116786439009,-26.0107830616475,333.977098781757,32.085,NA,0,1,0.925
"84b_00039_18:27:00_20250126","84b","horizontal",251.252902442954,3.98000989847136,"18:27:00","20250126",0.593486812238988,1.25791131771856,-21.5471354200471,351.796086210325,227,NA,0,0.5,-1.776
"84b_00040_15:50:00_20250122","84b","horizontal",264.667903913139,38.5235352005109,"15:50:00","20250122",0.962719000735532,10.1908277629711,-4.60243673329108,355.40572031965,13.673,NA,0,1,-1.435
"84b_00041_17:37:00_20250119","84b","vertical",254.400647300274,14.9039866044691,"17:37:00","20250119",0.969734258498738,9.44930996042619,35.8214915647974,35.8098621956765,16.78,NA,0,1,-0.146
"84b_00044_17:42:00_20250119","84b","vertical",253.940302030445,13.8237258359906,"17:42:00","20250119",0.928023078924749,3.55712941677663,33.7286971358147,33.7472141332055,7.231,NA,0,1,-2.345
"84b_00044_18:34:00_20250126","84b","horizontal",250.526108364005,2.56502721630365,"18:34:00","20250126",0.994239090466754,53.7185961010813,166.132451144018,166.157760587939,86.473,NA,0,1,5.68
"84b_00048_15:34:00_20250128","84b","vertical",268.197616704966,41.956672852548,"15:34:00","20250128",0.89986799727533,4.20956764454773,19.9825270833773,19.9962270500657,5.298,NA,0,1,-8.992
"84b_00052_16:34:00_20250120","84b","horizontal",260.218312077549,28.7182540099234,"16:34:00","20250120",0.96586753397905,9.20282663033156,6.11040968408018,6.13064840789981,14.91,NA,0,1,-0.599
"84b_00054_15:48:00_20250128","84b","horizontal",266.80686447885,38.8042588863823,"15:48:00","20250128",0.869371093755262,3.58708083380988,-58.1625086869749,301.834166474918,4.159,NA,0,1,-17.268
"84b_00057_18:07:00_20250119","84b","horizontal",251.571506504828,8.47795828453898,"18:07:00","20250119",0.333710601860219,0,-0.269322280594729,171.600859641682,107.935,351.624198871786,107.935,0.5,0.687
"84b_00058_17:50:00_20250128","84b","vertical",255.44241595132,11.7164001308338,"17:50:00","20250128",0.870753211340942,2.89516121595575,21.8647141579885,21.8869877739975,4.199,NA,0,1,-7.012
"84b_00059_17:50:00_20250128","84b","vertical",255.44241595132,11.7164001308338,"17:50:00","20250128",0.7949380359027,2.37578197580179,26.8414908798216,26.8144248121225,2.811,NA,0,1,-19.701
"84b_00059_18:14:00_20250127","84b","horizontal",252.828153494173,6.63072678123801,"18:14:00","20250127",0.728227403364482,1.4474871980685,-45.8948202649227,130.978151966906,227,311.001491197011,19.345,0.5,-3.475
"84b_00064_18:02:00_20250128","84b","tilted",254.278385631463,9.12426020486534,"18:02:00","20250128",0.831517381407357,2.63512641847881,98.9862638287948,100.611388824973,49.396,NA,0,0.5,-7.342
"84b_00066_18:07:00_20250128","84b","tilted",253.786021064442,8.05202797662808,"18:07:00","20250128",0.93606360683815,6.72609854972522,87.0024146420837,86.974993300859,8.1,NA,0,1,-6.926
"84b_00073_18:21:00_20250128","84b","horizontal",252.381066878033,5.0861727057925,"18:21:00","20250128",0.846331355288895,2.93394298910171,-40.5095503128538,319.309379226408,17.915,NA,0,0.5,-10.88
"84b_00077_18:25:00_20250128","84b","horizontal",251.971842009554,4.25356719304017,"18:25:00","20250128",0.447942639083524,0.819121438819554,-134.635889869044,172.804071011456,39.831,288.025883612265,2.07,0.5,-12.686
"84b_2025-01-26 11-45-10_12:45:00_20250126","84b","solar",307.227201564551,78.9253100428598,"12:45:00","20250126",0.992274047936944,17.3252957699828,-169.904532050014,190.107396424407,64.637,NA,0,1,1.992
"84b_2025-01-26 14-36-24_15:36:00_20250126","84b","antisolar",267.294085901632,41.5825467216426,"15:36:00","20250126",0.410713290067989,0.715353596694922,2.44772912683844,6.01605684887364,34.204,NA,0,0.5,-14.516
"84b_2025-01-27 14-52-42_15:54:00_20250127","84b","antisolar",265.892088796488,37.4969153212848,"15:54:00","20250127",0.618693991974605,1.50370826984028,-3.87921409003107,3.20856365273261,53.054,206.207510467583,53.054,0.5,-1.968
"84b_2025-01-27 14-56-39_15:56:00_20250127","84b","antisolar",265.701863290641,37.0473910598,"15:56:00","20250127",0.731860639351792,1.73654617353268,9.00462401238094,14.0947617602183,25.726,NA,0,0.5,-12.826
"84b_2025-01-28 15-07-52_16:08:00_20250128","84b","solar",264.894072594288,34.3089950308388,"16:08:00","20250128",0.69972452700674,1.53343093675495,-174.978970533234,185.008072047743,2.012,NA,0,1,-15.149
"84r_00021_15:17:00_20250126","84r","vertical",269.215844121028,45.8629833033581,"15:17:00","20250126",0.988706774498699,17.6804758997818,11.6016773288153,11.5737474616426,44.437,NA,0,1,1.894
"84r_00028_18:33:00_20250124","84r","horizontal",250.134091200118,2.88380270988535,"18:33:00","20250124",0.825740218228838,0.85742911388021,-139.096011826136,220.932525802445,3.231,NA,0,1,-2.833
"84r_00030_12:24:00_20250127","84r","tilted",332.158438840953,81.8745469093974,"12:24:00","20250127",0.951038060775977,8.96388002240432,-144.55996596558,215.43213096919,10.483,NA,0,1,-5.398
"84r_00036_18:13:00_20250126","84r","vertical",252.671162264518,6.90693515950054,"18:13:00","20250126",0.839242753654271,0.917703458644362,-1.95895264277233,358.041326177251,3.465,NA,0,1,-2.697
"84r_00048_15:36:00_20250123","84r","vertical",266.283606424547,41.6549622250768,"15:36:00","20250123",0.981093197651562,25.3140273136842,6.87380607078271,6.87549354156988,26.702,NA,0,1,12.187
"84r_00049_15:45:00_20250123","84r","vertical",265.439987957542,39.6318962077917,"15:45:00","20250123",0.97986266696883,21.4554869756446,8.39061309983253,8.36518380891002,25.079,NA,0,1,3.639
"84r_00051_17:54:00_20250127","84r","tilted",254.792042375937,10.9143891874959,"17:54:00","20250127",0.73344464858124,1.96164008424579,97.7391870404321,98.2049660854231,101.156,NA,0,0.5,-8.169
"85b_00024_11:09:00_20250123","85b","vertical",68.0410292114175,75.2115278651411,"11:09:00","20250123",0.960397953071117,9.30447461906758,10.6406344035189,359.989382680696,3.357,NA,0,1,-5.484
"85b_00039_17:30:00_20250119","85b","vertical",255.038716567075,16.4213796500316,"17:30:00","20250119",0.905931864479018,4.79244960321488,34.9128430051159,34.8931297234671,5.615,NA,0,1,-12.184
"85r_2025-01-27 17-25-25_18:25:00_20250127","85r","zenith",251.71328258823,4.32531038407984,"18:25:00","20250127",0.823532896591795,1.26321307078137,-25.0628737002567,334.951127033479,3.197,NA,0,1,-3.805
"87r_00015_11:11:00_20250121","87r","vertical",68.6015483617348,75.9519542328224,"11:11:00","20250121",0.99830552146893,145.391590196315,11.3652474852019,11.3445643435903,226.999,NA,0,1,7.042
"87r_00016_11:15:00_20250121","87r","vertical",66.7554737861187,76.7857772642721,"11:15:00","20250121",0.985467393845136,17.0638316318073,6.36856672735036,6.35983152595214,34.612,NA,0,1,1.732
"87r_00018_11:19:00_20250121","87r","vertical",64.6901692073005,77.6074353646154,"11:19:00","20250121",0.99687434778915,127.628166183966,9.70312059323486,9.68298673771091,158.813,NA,0,1,15.648
"87r_00021_11:38:00_20250121","87r","horizontal",50.2670934690661,81.2382054841705,"11:38:00","20250121",0.963876503584242,10.5107134360582,119.146647317095,119.175221387211,14.105,NA,0,1,-1.258
"87r_00044_12:30:00_20250123","87r","horizontal",318.651171141694,81.82943722106,"12:30:00","20250123",0.98742675117285,15.8909827578654,-8.02170468854986,351.967973548865,39.93,NA,0,1,1.678
"87r_00046_15:30:00_20250123","87r","vertical",266.856014703864,43.0048380955868,"15:30:00","20250123",0.985323021216994,13.6280629611731,22.1751166432938,22.1734666715629,34.344,NA,0,1,1.366
"87r_00047_15:33:00_20250123","87r","vertical",266.56871507999,42.3297940096724,"15:33:00","20250123",0.979531279365437,15.2343724107371,19.5084859950928,19.480565034448,24.667,NA,0,1,1.216
"87r_00049_15:42:00_20250123","87r","vertical",265.719380200091,40.30599797679,"15:42:00","20250123",0.976248764236782,16.3014025630194,14.2340174785845,14.2093533192444,21.311,NA,0,1,1.182
"87r_2025-01-23 11-42-17_12:42:00_20250123","87r","antisolar",306.06252157093,79.8193355717926,"12:42:00","20250123",0.99998438753824,8540.25305160706,-144.078254039527,215.947792984807,227,NA,0,1,5.368
"87r_antisolar_2025-01-21 11-26-22_12:28:00_20250121","87r","antisolar",318.467808184528,82.4080095603894,"12:28:00","20250121",0.758454187473076,2.21112064385307,-7.10429254110889,352.884706021074,2.441,NA,0,1,-36.236
"87r_antisolar-.2025-01-21 11-22-26_12:24:00_20250121","87r","antisolar",324.393640557554,82.9712886818912,"12:24:00","20250121",0.446527356319147,0.328125849049743,-86.7607200115033,26.470650135044,40.075,245.340527875018,40.075,0.5,-0.82
"88b_00015_08:32:00_20250120","88b","horizontal",95.1788317054475,40.6463819351993,"08:32:00","20250120",0.999506050321946,269.99974622103,41.9862806368876,41.9978063830893,227,NA,0,1,5.043
"88b_00017_08:32:00_20250120","88b","horizontal",95.1788317054475,40.6463819351993,"08:32:00","20250120",0.937844184958149,2.21837416824646,7.16988862060859,7.16197243913529,8.32,NA,0,1,-1.178
"88b_00028_15:29:00_20250126","88b","horizontal",267.988574081088,43.1589712764911,"15:29:00","20250126",1,NA,-50.7301964215929,309.282617811618,226.999,NA,0,1,1.793
"88b_00053_16:11:00_20250125","88b","vertical",263.674887754742,33.7522253810161,"16:11:00","20250125",0.978853933612621,15.7668738893097,-8.0591383955067,351.967973548865,23.899,NA,0,1,1.258
"88b_00054_18:00:00_20250119","88b","horizontal",252.247072749073,9.96389954208076,"18:00:00","20250119",0.698088560701042,1.94685389549458,-19.634048444476,344.061155976059,24.166,524.027199426651,226.999,0.5,-7.652
"88y_2025-01-26 11-21-01_12:21:00_20250126","88y","antisolar",335.771071381604,82.386151309148,"12:21:00","20250126",0.38869663645815,0.718722092087398,37.9769932367158,37.9871018171736,0.845,NA,0,1,-31.93
"90r_00019_15:16:00_20250126","90r","vertical",269.320517443056,46.0883772545765,"15:16:00","20250126",0.976534588867084,17.1800416215834,15.2968440958079,15.297973129993,21.567,NA,0,1,1.465
"90r_00021_15:17:00_20250126","90r","vertical",269.215844121028,45.8629833033581,"15:17:00","20250126",0.974356419136369,13.0326047353237,11.1039373324613,11.115381225538,19.759,NA,0,1,0.477
"90r_00022_11:57:00_20250127","90r","horizontal",20.0222812397925,82.3292875181438,"11:57:00","20250127",0.9957787665363,11.8700379484867,166.590606641667,166.616126824043,118.389,NA,0,1,1.934
"90r_00027_15:28:00_20250126","90r","horizontal",268.088976382317,43.3842397270277,"15:28:00","20250126",0.89762504706217,4.59472113247989,-57.2071283001747,304.068701875928,22.62,NA,0,0.5,-14.637
"90r_00030_12:24:00_20250127","90r","tilted",332.158438840953,81.8745469093974,"12:24:00","20250127",0.940608088792343,4.89420352934349,-167.630949581811,192.341931825417,8.695,NA,0,1,-2.216
"90r_00031_10:55:00_20250128","90r","horizontal",69.8571574718633,71.4618068551266,"10:55:00","20250128",0.958238363575364,8.4909737366156,35.3810421639951,35.4087917390849,12.238,NA,0,1,-1.696
"90r_00034_11:05:00_20250128","90r","horizontal",66.0898413969626,73.5511208092659,"11:05:00","20250128",0.972151326398512,10.25612032565,-17.1808401322525,342.800648826771,18.213,NA,0,1,0.107
"90r_00036_18:13:00_20250126","90r","vertical",252.671162264518,6.90693515950054,"18:13:00","20250126",0.950236763644258,7.44666829818388,-10.5430246337972,349.446959250289,10.319,NA,0,1,-2.782
"90r_00037_15:31:00_20250127","90r","tilted",268.143116956789,42.6734074438455,"15:31:00","20250127",0.799363567287787,2.06017955763452,84.1670341884585,84.1675001047179,2.863,NA,0,1,-10.244
"90r_00037_18:16:00_20250126","90r","horizontal",252.370968442865,6.27287920064755,"18:16:00","20250126",0.349274154981521,0,118.211294654578,354.718170965493,227,534.741510195597,2.743,0.5,-2.405
"90r_00039_18:18:00_20250126","90r","horizontal",252.169749105486,5.85188262941193,"18:18:00","20250126",0.904826420689934,2.20066109902418,-176.329349673918,183.690269118942,5.554,NA,0,1,-2.462
"90r_00041_15:38:00_20250127","90r","horizontal",267.443887005206,41.0968061159271,"15:38:00","20250127",0.979937825737455,6.71471331979664,-24.843846608217,335.180310151532,25.15,NA,0,1,0.552
"90r_00041_18:23:00_20250126","90r","horizontal",251.662742497721,4.80664562140466,"18:23:00","20250126",0.482813681411911,0.645509584579685,173.840388709246,354.718170965493,226.999,534.741510195597,21.942,0.5,-0.636
"90r_00043_18:27:00_20250126","90r","horizontal",251.252902442954,3.98000989847136,"18:27:00","20250126",0.920983379247433,4.58548621907311,-171.420983494528,188.560410377554,6.616,NA,0,1,-4.658
"90r_00048_15:34:00_20250128","90r","vertical",268.197616704966,41.956672852548,"15:34:00","20250128",0.983328859935583,17.0316949284209,15.0749726342704,15.0687900119407,30.209,NA,0,1,1.664
"90r_00049_15:45:00_20250123","90r","vertical",265.439987957542,39.6318962077917,"15:45:00","20250123",0.955332895742874,9.12999741295337,9.59428819314894,9.56839517868475,11.463,NA,0,1,-3.12
"90r_00052_15:40:00_20250128","90r","tilted",267.595182857325,40.6052023186364,"15:40:00","20250128",0.899950267032625,3.81717552718102,68.2691640753672,68.2965691795941,5.303,NA,0,1,-6.418
"90r_00053_15:40:00_20250128","90r","tilted",267.595182857325,40.6052023186364,"15:40:00","20250128",0.646061499407292,1.62952631863942,94.0935667457448,101.986487533287,19.063,NA,0,0.5,-15.565
"90r_00055_15:50:00_20250128","90r","horizontal",266.612153032399,38.3542391276733,"15:50:00","20250128",0.884227634533389,2.84936296892361,-59.3093519848667,300.688250884656,4.637,NA,0,1,-5.038
"90r_00064_18:02:00_20250128","90r","tilted",254.278385631463,9.12426020486534,"18:02:00","20250128",0.851548760755606,2.93303297065822,80.9466397838151,78.8389926100013,26.416,NA,0,0.5,-7.609
"90r_00066_18:07:00_20250128","90r","tilted",253.786021064442,8.05202797662808,"18:07:00","20250128",0.518794363918498,1.08123977020919,75.9038696727316,263.675177319205,12.755,443.69851654931,12.755,0.5,-11.18
"90r_00068_18:16:00_20250128","90r","horizontal",252.887548849027,6.1377806852189,"18:16:00","20250128",1,NA,-101.679959871904,258.346669824488,227,NA,0,1,1.793
"90r_00069_18:29:00_20250125","90r","horizontal",250.795801265184,3.63315716410378,"18:29:00","20250125",0.783721894887378,1.85759867813273,-109.17206405561,250.840922708274,2.685,NA,0,1,-9.609
"90r_00073_18:21:00_20250128","90r","horizontal",252.381066878033,5.0861727057925,"18:21:00","20250128",0.316165935038175,0.166495314158183,175.471452336089,333.518732545652,226.999,513.542071775757,8.581,0.5,-2.432
"90r_00077_18:25:00_20250128","90r","horizontal",251.971842009554,4.25356719304017,"18:25:00","20250128",0.371179494451312,0.606909892538073,-36.0109168085532,338.446169583777,15.71,NA,0,0.5,-19.12
"90r_2025-01-22 17-34-18_18:34:00_20250122","90r","zenith",249.548831071998,2.78544573035666,"18:34:00","20250122",0.738318810075645,1.40059586739989,-147.613168052767,212.395454654996,2.276,NA,0,1,-8.259
"90r_2025-01-26 14-38-46_15:38:00_20250126","90r","antisolar",267.098152693486,41.1323051912614,"15:38:00","20250126",0.544312160534847,1.12931139102897,-40.1033479053458,336.841887757411,4.169,202.540580578746,226.999,0.5,-8.404
"90r_2025-01-26 15-08-46_16:08:00_20250126","90r","antisolar",264.258903782928,34.3913262064938,"16:08:00","20250126",0.429413919708241,0.833240427404584,113.588096938855,269.633938388565,1.583,449.65727761867,12.672,0.5,-21.932
"90r_2025-01-27 14-50-41_15:52:00_20250127","90r","antisolar",266.083056016465,37.9465536143939,"15:52:00","20250127",0.600334958254567,1.24553017250629,-0.026649533680827,183.575677559916,185.116,363.59901679002,185.116,0.5,2.52
"90r_2025-01-27 15-14-28_16:15:00_20250127","90r","solar",263.925084476729,32.7835054821021,"16:15:00","20250127",0.347974711458936,0.646114735225362,-140.419066494696,18.2200578851602,3.501,198.186101335752,3.501,0.5,-43.35
"90r_2025-01-27 17-22-33_18:23:00_20250127","90r","zenith",251.918032804083,4.74019826179733,"18:23:00","20250127",0.785392818713687,1.94546052680957,-8.34377602977246,347.556198526357,126.342,NA,0,0.5,-2.249
"90r_2025-01-28 10-20-58_11:23:00_20250128","90r","antisolar",56.7052916877562,77.1192858944582,"11:23:00","20250128",0.388265006082104,0.503252313621914,41.6036141885068,NA,0,NA,0,1,-12.865
"90r_2025-01-28 10-24-26_11:25:00_20250128","90r","antisolar",55.3700147030626,77.4930002576591,"11:25:00","20250128",0.560290845029337,1.29530092554343,77.9451298702251,77.922260137792,1.363,NA,0,1,-35.849
"90r_2025-01-28 10-29-24_11:30:00_20250128","90r","antisolar",51.6893340878427,78.3991143864333,"11:30:00","20250128",0.5699588005723,1.26154420489487,62.252348335198,62.2805123307205,1.398,NA,0,1,-16.284
"90r_2025-01-28 10-32-51_11:33:00_20250128","90r","antisolar",49.216457837858,78.9202899086578,"11:33:00","20250128",0.602730860285359,1.41898331094329,53.584099827903,53.571553844732,1.527,NA,0,1,-18.622
"90r_2025-01-28 10-36-58_11:37:00_20250128","90r","solar",45.5658261264587,79.583651318446,"11:37:00","20250128",0.685519135759581,1.85510716000729,-138.754157137255,221.219004700011,1.928,NA,0,1,-20.646
"90r_2025-01-28 10-50-28_11:50:00_20250128","90r","solar",30.3225775918335,81.3970169593486,"11:50:00","20250128",0.696226192084009,1.85722759204888,-115.241716707579,243.163288253521,227,NA,0,0.5,-7.196
"90r_2025-01-28 10-53-54_11:53:00_20250128","90r","solar",25.9796233134833,81.7157768962351,"11:53:00","20250128",0.493666111008665,0.935778866570908,-163.967327250397,196.008861714255,1.14,NA,0,1,-14.192
"90r_2025-01-28 14-57-55_15:57:00_20250128","90r","antisolar",265.937207598077,36.7799626822117,"15:57:00","20250128",0.871356433665429,3.66081242549474,-7.49950306452211,352.139860887404,72.49,NA,0,0.5,-11.963
"90r_2025-01-28 15-02-35_16:02:00_20250128","90r","antisolar",265.460671735126,35.6563204914073,"16:02:00","20250128",0.834354827021903,2.71620663520016,-14.0726575160022,356.551635909911,39.584,NA,0,0.5,-12.049
"92w_00057_16:40:00_20250120","92w","horizontal",259.697486454982,27.3875591141253,"16:40:00","20250120",0.976786452935569,16.6742361826536,-18.5151917659151,341.482845897971,21.798,NA,0,1,1.321
"92w_00057_17:59:00_20250123","92w","horizontal",253.291572195399,10.0478210724357,"17:59:00","20250123",0.996901536356165,112.127627054985,-8.55672315267948,351.452311533247,161.099,NA,0,1,10.099
"94w_00015_08:28:00_20250120","94w","horizontal",95.5400182077343,39.7492386940998,"08:28:00","20250120",0.818867700715436,2.24631714495832,11.392439889326,35.1796086210325,76.61,NA,0,0.5,-9.467
"95r_00036_18:13:00_20250126","95r","vertical",252.671162264518,6.90693515950054,"18:13:00","20250126",0.762356860780105,1.83987468017387,25.4169436410626,25.4393261038086,2.476,NA,0,1,-12.351
"95r_00040_18:21:00_20250126","95r","horizontal",251.866236019347,5.22336369057132,"18:21:00","20250126",0.957353502158659,3.19756819675931,-29.0496638874599,330.940422467564,11.987,NA,0,1,-0.597
"95r_00042_18:27:00_20250126","95r","horizontal",251.252902442954,3.98000989847136,"18:27:00","20250126",0.96331251082163,3.70475203705844,-28.4467249992156,331.570676042207,13.891,NA,0,1,-0.367
"95r_00049_17:48:00_20250127","95r","vertical",255.367627478747,12.2136906766352,"17:48:00","20250127",0.946722441717053,8.02229047984914,51.2258516570374,51.2224268846956,9.658,NA,0,1,-5.326
"95r_00051_17:54:00_20250127","95r","tilted",254.792042375937,10.9143891874959,"17:54:00","20250127",0.987480134995619,32.0160393718217,76.7386838220847,76.7190487680172,40.135,NA,0,1,5.902
"95r_00056_18:04:00_20250127","95r","horizontal",253.81943671102,8.76191679723345,"18:04:00","20250127",0.951795507563581,7.92944890180313,-59.9389486539939,300.057997310012,10.643,NA,0,1,-2.881
"95r_00058_18:11:00_20250127","95r","horizontal",253.127642291322,7.26734659039776,"18:11:00","20250127",0.986105912929325,27.0058143796842,-58.0277873108907,301.948758033944,36.202,NA,0,1,4.06
"95r_00065_18:07:00_20250128","95r","tilted",253.786021064442,8.05202797662808,"18:07:00","20250128",0.939812424168257,7.53948455240814,66.2080436879988,66.2339211171232,8.584,NA,0,1,-9.028
"95r_00067_18:12:00_20250128","95r","tilted",253.288890236677,6.98567961874627,"18:12:00","20250128",0.969546652739328,13.6906450117556,71.1126269525854,71.1040623757352,16.681,NA,0,1,-0.44
"95r_00071_18:16:00_20250128","95r","horizontal",252.887548849027,6.1377806852189,"18:16:00","20250128",0.989801582544579,24.2614507139472,-56.1826009807627,303.839518757876,49.28,NA,0,1,2.623
"95r_00072_18:16:00_20250128","95r","horizontal",252.887548849027,6.1377806852189,"18:16:00","20250128",0.962815085301168,11.3912898194214,-49.2221066050503,310.772308078959,13.711,NA,0,1,-2.196
"95r_00074_18:25:00_20250128","95r","horizontal",251.971842009554,4.25356719304017,"18:25:00","20250128",0.741922746533368,1.90878616589201,-55.5469373385232,308.423181118922,14.892,NA,0,0.5,-14.929
"95r_2025-01-27 14-50-41_15:52:00_20250127","95r","antisolar",266.083056016465,37.9465536143939,"15:52:00","20250127",0.762600981493534,1.71451443101131,-2.81795158603971,357.181889484555,2.478,NA,0,1,-10.1
"95r_2025-01-27 15-05-59_16:06:00_20250127","95r","solar",264.76061414377,34.8016469047,"16:06:00","20250127",0.980993264950586,10.547354360379,164.09858697022,164.095112525468,26.534,NA,0,1,0.845
"95r_2025-01-27 15-17-28_16:18:00_20250127","95r","solar",263.648505699263,32.1115069869808,"16:18:00","20250127",0.111410388877657,0,-108.288179044718,356.093269673807,3.118,536.116608903911,3.118,0.5,-23.761
"95r_2025-01-27 15-21-13_16:21:00_20250127","95r","solar",263.372730440524,31.4398927858341,"16:21:00","20250127",0.482872966891556,0.960379270440642,-15.3684798175193,176.528296679807,5.523,356.551635909911,5.523,0.5,-17.025
"95r_2025-01-27 15-25-31_16:25:00_20250127","95r","solar",263.006120071335,30.5450328544657,"16:25:00","20250127",0.592752869143313,1.42348236665085,-146.532710178694,202.254101681181,6.262,NA,0,0.5,-33.533
"95r_2025-01-27 17-25-25_18:25:00_20250127","95r","zenith",251.71328258823,4.32531038407984,"18:25:00","20250127",0.616167438251281,1.43581626994333,-33.0832827308886,337.529437111568,226.999,517.552776341673,2.526,0.5,3.293
"95r_2025-01-27 17-32-37_18:32:00_20250127","95r","antisolar",250.989018309302,2.8967310287272,"18:32:00","20250127",0.464825590199545,0.775580596231996,-99.1952916143081,258.117486706436,35.265,438.140825936541,3.405,0.5,-4.871
"95r_2025-01-27 17-38-46_18:38:00_20250127","95r","antisolar",250.358261480452,1.72003082753314,"18:38:00","20250127",0.768912469190726,2.25568039603214,-85.1580830229215,277.025093945753,47.889,NA,0,0.5,-27.583
"95r_2025-01-27 17-43-50_18:43:00_20250127","95r","antisolar",249.825175810805,0.80570991019801,"18:43:00","20250127",0.950023440445038,7.1279398717836,-77.2915491392206,282.697376117548,10.276,NA,0,1,-2.524
"95r_2025-01-28 10-16-41_11:16:00_20250128","95r","solar",60.857866800008,75.7700054105155,"11:16:00","20250128",0.904323905051961,4.10956517381343,-144.504622788291,215.489426748703,5.527,NA,0,1,-6.8
"95r_2025-01-28 10-24-26_11:25:00_20250128","95r","antisolar",55.3700147030626,77.4930002576591,"11:25:00","20250128",0.503613197910715,0.946797080289006,-78.4775625744879,247.116697039924,11.103,NA,0,0.5,-11.911
"95r_2025-01-28 10-40-45_11:40:00_20250128","95r","solar",42.533394145452,80.0535554424509,"11:40:00","20250128",0.798971366885813,2.22807927103991,-135.534376664448,224.484864132257,2.859,NA,0,1,-13.331
"95r_2025-01-28 10-53-54_11:53:00_20250128","95r","solar",25.9796233134833,81.7157768962351,"11:53:00","20250128",0.501277931696667,0.866265886304554,-75.9931495937849,NA,0,NA,0,1,-11.027
"95r_2025-01-28 15-01-45_15:57:00_20250128","95r","antisolar",265.937207598077,36.7799626822117,"15:57:00","20250128",0.990136482432094,41.8145299298003,-18.8850077605266,341.139071220892,50.864,NA,0,1,8.663
"95r_2025-01-28 15-09-27_16:08:00_20250128","95r","solar",264.894072594288,34.3089950308388,"16:08:00","20250128",0.583584479607595,1.35145625642046,-136.621480062168,223.396244321508,1.45,NA,0,1,-21.915
"95r_2025-01-28 17-43-10_18:43:00_20250128","95r","antisolar",250.081325526058,0.740193908148087,"18:43:00","20250128",0.60786793860879,1.28201924722907,-62.2447051795517,320.684477934722,51.233,NA,0,0.5,-5.253
"97r_00025_11:15:00_20250123","97r","vertical",65.2668268050684,76.4529779369858,"11:15:00","20250123",0.970195530125677,1.70374707995837,-12.9653504935851,347.04053651074,17.034,NA,0,1,-0.033
"97r_00040_11:57:00_20250125","97r","vertical",20.597691529768,82.843279315154,"11:57:00","20250125",0.989241564024125,12.4611274448172,16.6315518852622,16.6157760587939,46.729,NA,0,1,1.493
"97r_00041_11:57:00_20250125","97r","vertical",20.597691529768,82.843279315154,"11:57:00","20250125",0.976326235184475,15.9310607716346,17.7739087564698,17.7616916490555,21.379,NA,0,1,1.102
"9b_00041_17:37:00_20250119","9b","vertical",254.400647300274,14.9039866044691,"17:37:00","20250119",0.964386303644963,11.8836425194464,36.1711217373676,36.1536368727549,14.304,NA,0,1,-1.822
"9b_2025-01-28 10-14-52_11:14:00_20250128","9b","solar",61.9141156431583,75.3744287037821,"11:14:00","20250128",0.560048883181818,1.14512208411018,-112.689262674962,247.288584378463,1.362,NA,0,1,-10.458
